{
  "project_info": {
    "project_number": "952186668349",
    "firebase_url": "https://abtdemo-81ff8.firebaseio.com",
    "project_id": "abtdemo-81ff8",
    "storage_bucket": "abtdemo-81ff8.appspot.com"
  },
  "client": [
    {
      "client_info": {
        "mobilesdk_app_id": "1:952186668349:android:b66176f6b942ae2d",
        "android_client_info": {
          "package_name": "com.sagar.abt"
        }
      },
      "oauth_client": [
        {
          "client_id": "952186668349-k14mmq7798onl6f535i0jheq7b1870dn.apps.googleusercontent.com",
          "client_type": 3
        }
      ],
      "api_key": [
        {
          "current_key": "AIzaSyCLYJrk20TiN_4IF-9PpKo2Dx17cRRa994"
        }
      ],
      "services": {
        "appinvite_service": {
          "other_platform_oauth_client": [
            {
              "client_id": "952186668349-k14mmq7798onl6f535i0jheq7b1870dn.apps.googleusercontent.com",
              "client_type": 3
            }
          ]
        }
      }
    }
  ],
  "configuration_version": "1"
}